separate,allreduce,1mb,0.000001,112,4809,1.70,2.12,2.12
separate,alltoall,1mb,0.000001,56,5549,33.04,55.61,55.61
separate,allreduce,4mb,0.000001,112,5867,6.07,6.86,7.46
separate,alltoall,4mb,0.000001,56,9538,134.81,223.05,223.05
separate,allreduce,16mb,0.000001,112,10721,23.43,26.73,26.81
separate,alltoall,16mb,0.000001,56,26825,548.43,898.90,898.90
separate,allreduce,64mb,0.000001,112,29628,92.21,100.19,100.20
separate,alltoall,64mb,0.000001,56,92878,2189.45,3593.22,3593.22
separate,allreduce,128mb,0.000001,112,53390,183.46,197.22,197.93
separate,alltoall,128mb,0.000001,56,181342,4393.82,7165.29,7165.29
separate,allreduce,256mb,0.000001,112,99249,366.43,392.88,394.52
separate,alltoall,256mb,0.000001,56,359270,8791.09,14391.04,14391.04
separate,allreduce,1mb,0.0000001,112,844,1.47,1.74,1.74
separate,alltoall,1mb,0.0000001,56,878,28.80,48.24,48.24
separate,allreduce,4mb,0.0000001,112,1021,5.25,5.88,6.08
separate,alltoall,4mb,0.0000001,56,1263,117.50,194.94,194.94
separate,allreduce,16mb,0.0000001,112,1440,20.33,22.29,22.49
separate,alltoall,16mb,0.0000001,56,2890,477.06,802.48,802.48
separate,allreduce,64mb,0.0000001,112,3091,80.40,87.37,87.37
separate,alltoall,64mb,0.0000001,56,9277,1916.71,3272.12,3272.12
separate,allreduce,128mb,0.0000001,112,5520,160.67,173.54,173.54
separate,alltoall,128mb,0.0000001,56,17351,3824.90,6444.94,6444.94
separate,allreduce,256mb,0.0000001,112,9991,320.89,345.27,345.68
separate,alltoall,256mb,0.0000001,56,33907,7686.25,13239.02,13239.02
separate,allreduce,1mb,0.00000001,112,96,1.43,1.52,1.52
separate,alltoall,1mb,0.00000001,56,99,27.73,44.11,44.11
separate,allreduce,4mb,0.00000001,112,100,5.13,5.67,5.87
separate,alltoall,4mb,0.00000001,56,143,115.57,188.73,188.73
separate,allreduce,16mb,0.00000001,112,130,19.89,21.69,21.69
separate,alltoall,16mb,0.00000001,56,311,461.80,727.50,727.50
separate,allreduce,64mb,0.00000001,112,317,78.98,85.17,85.17
separate,alltoall,64mb,0.00000001,56,907,1876.89,3135.00,3135.00
separate,allreduce,128mb,0.00000001,112,543,157.66,169.75,169.94
separate,alltoall,128mb,0.00000001,56,1732,3786.52,6622.86,6622.86
separate,allreduce,256mb,0.00000001,112,1033,315.13,339.07,339.28
separate,alltoall,256mb,0.00000001,56,3502,7544.03,12855.18,12855.18
separate,allreduce,1mb,0.000000001,112,10,1.43,1.52,1.52
separate,alltoall,1mb,0.000000001,56,7,27.83,43.73,43.73
separate,allreduce,4mb,0.000000001,112,16,5.11,5.47,5.47
separate,alltoall,4mb,0.000000001,56,13,114.38,186.52,186.52
separate,allreduce,16mb,0.000000001,112,14,19.84,21.29,21.29
separate,alltoall,16mb,0.000000001,56,20,463.04,744.79,744.79
separate,allreduce,64mb,0.000000001,112,28,78.78,84.77,84.97
separate,alltoall,64mb,0.000000001,56,89,1845.17,2894.86,2894.86
separate,allreduce,128mb,0.000000001,112,49,157.35,169.14,169.14
separate,alltoall,128mb,0.000000001,56,186,3714.73,5907.91,5907.91
separate,allreduce,256mb,0.000000001,112,113,314.52,338.07,338.27
separate,alltoall,256mb,0.000000001,56,342,7404.52,11574.76,11574.76
separate,allreduce,1mb,0.0000000001,112,0,1.43,1.52,1.52
separate,alltoall,1mb,0.0000000001,56,1,27.77,43.73,43.73
separate,allreduce,4mb,0.0000000001,112,1,5.11,5.47,5.47
separate,alltoall,4mb,0.0000000001,56,2,114.34,186.52,186.52
separate,allreduce,16mb,0.0000000001,112,2,19.84,21.29,21.29
separate,alltoall,16mb,0.0000000001,56,2,460.72,744.45,744.45
separate,allreduce,64mb,0.0000000001,112,4,78.76,84.57,84.77
separate,alltoall,64mb,0.0000000001,56,7,1850.76,2990.51,2990.51
separate,allreduce,128mb,0.0000000001,112,6,157.32,168.94,169.14
separate,alltoall,128mb,0.0000000001,56,15,3693.26,5925.10,5925.10
separate,allreduce,256mb,0.0000000001,112,10,314.44,337.87,337.87
separate,alltoall,256mb,0.0000000001,56,28,7363.74,11969.23,11969.23
separate,allreduce,1mb,0.00000000001,112,0,1.43,1.52,1.52
separate,alltoall,1mb,0.00000000001,56,0,27.77,43.73,43.73
separate,allreduce,4mb,0.00000000001,112,0,5.11,5.47,5.47
separate,alltoall,4mb,0.00000000001,56,0,114.37,186.52,186.52
separate,allreduce,16mb,0.00000000001,112,1,19.84,21.29,21.29
separate,alltoall,16mb,0.00000000001,56,0,460.71,744.35,744.35
separate,allreduce,64mb,0.00000000001,112,0,78.76,84.57,84.57
separate,alltoall,64mb,0.00000000001,56,0,1857.94,2990.86,2990.86
separate,allreduce,128mb,0.00000000001,112,0,157.32,168.94,168.94
separate,alltoall,128mb,0.00000000001,56,2,3691.44,5975.12,5975.12
separate,allreduce,256mb,0.00000000001,112,1,314.43,337.68,337.68
separate,alltoall,256mb,0.00000000001,56,1,7415.35,11967.56,11967.56
separate,allreduce,1mb,0.000000000001,112,0,1.43,1.52,1.52
separate,alltoall,1mb,0.000000000001,56,0,27.77,43.73,43.73
separate,allreduce,4mb,0.000000000001,112,0,5.11,5.47,5.47
separate,alltoall,4mb,0.000000000001,56,0,114.37,186.52,186.52
separate,allreduce,16mb,0.000000000001,112,0,19.84,21.29,21.29
separate,alltoall,16mb,0.000000000001,56,0,460.71,744.35,744.35
separate,allreduce,64mb,0.000000000001,112,0,78.76,84.57,84.57
separate,alltoall,64mb,0.000000000001,56,0,1857.94,2990.86,2990.86
separate,allreduce,128mb,0.000000000001,112,0,157.32,168.94,168.94
separate,alltoall,128mb,0.000000000001,56,0,3690.93,5975.12,5975.12
separate,allreduce,256mb,0.000000000001,112,0,314.43,337.68,337.68
separate,alltoall,256mb,0.000000000001,56,0,7414.10,11967.56,11967.56
separate,allreduce,1mb,0.0000000000001,112,0,1.43,1.52,1.52
separate,alltoall,1mb,0.0000000000001,56,0,27.77,43.73,43.73
separate,allreduce,4mb,0.0000000000001,112,0,5.11,5.47,5.47
separate,alltoall,4mb,0.0000000000001,56,0,114.37,186.52,186.52
separate,allreduce,16mb,0.0000000000001,112,0,19.84,21.29,21.29
separate,alltoall,16mb,0.0000000000001,56,0,460.71,744.35,744.35
separate,allreduce,64mb,0.0000000000001,112,0,78.76,84.57,84.57
separate,alltoall,64mb,0.0000000000001,56,0,1857.94,2990.86,2990.86
separate,allreduce,128mb,0.0000000000001,112,0,157.32,168.94,168.94
separate,alltoall,128mb,0.0000000000001,56,0,3690.93,5975.12,5975.12
separate,allreduce,256mb,0.0000000000001,112,0,314.43,337.68,337.68
separate,alltoall,256mb,0.0000000000001,56,0,7414.10,11967.56,11967.56
separate,allreduce,1mb,0.00000000000001,112,0,1.43,1.52,1.52
separate,alltoall,1mb,0.00000000000001,56,0,27.77,43.73,43.73
separate,allreduce,4mb,0.00000000000001,112,0,5.11,5.47,5.47
separate,alltoall,4mb,0.00000000000001,56,0,114.37,186.52,186.52
separate,allreduce,16mb,0.00000000000001,112,0,19.84,21.29,21.29
separate,alltoall,16mb,0.00000000000001,56,0,460.71,744.35,744.35
separate,allreduce,64mb,0.00000000000001,112,0,78.76,84.57,84.57
separate,alltoall,64mb,0.00000000000001,56,0,1857.94,2990.86,2990.86
separate,allreduce,128mb,0.00000000000001,112,0,157.32,168.94,168.94
separate,alltoall,128mb,0.00000000000001,56,0,3690.93,5975.12,5975.12
separate,allreduce,256mb,0.00000000000001,112,0,314.43,337.68,337.68
separate,alltoall,256mb,0.00000000000001,56,0,7414.10,11967.56,11967.56
separate,allreduce,1mb,0.000000000000001,112,0,1.43,1.52,1.52
separate,alltoall,1mb,0.000000000000001,56,0,27.77,43.73,43.73
separate,allreduce,4mb,0.000000000000001,112,0,5.11,5.47,5.47
separate,alltoall,4mb,0.000000000000001,56,0,114.37,186.52,186.52
separate,allreduce,16mb,0.000000000000001,112,0,19.84,21.29,21.29
separate,alltoall,16mb,0.000000000000001,56,0,460.71,744.35,744.35
separate,allreduce,64mb,0.000000000000001,112,0,78.76,84.57,84.57
separate,alltoall,64mb,0.000000000000001,56,0,1857.94,2990.86,2990.86
separate,allreduce,128mb,0.000000000000001,112,0,157.32,168.94,168.94
separate,alltoall,128mb,0.000000000000001,56,0,3690.93,5975.12,5975.12
separate,allreduce,256mb,0.000000000000001,112,0,314.43,337.68,337.68
separate,alltoall,256mb,0.000000000000001,56,0,7414.10,11967.56,11967.56
