pfc,allreduce,1mb,0.000000000000001,112,0,1.43,1.52,1.52
pfc,alltoall,1mb,0.000000000000001,56,0,25.60,36.36,36.36
pfc,allreduce,4mb,0.000000000000001,112,0,5.11,5.47,5.47
pfc,alltoall,4mb,0.000000000000001,56,0,107.15,175.86,175.86
pfc,allreduce,16mb,0.000000000000001,112,0,19.84,21.29,21.29
pfc,alltoall,16mb,0.000000000000001,56,0,462.48,770.21,770.21
pfc,allreduce,64mb,0.000000000000001,112,0,78.76,84.57,84.57
pfc,alltoall,64mb,0.000000000000001,56,0,1889.94,3147.26,3147.26
pfc,allreduce,128mb,0.000000000000001,112,0,157.32,168.94,168.94
pfc,alltoall,128mb,0.000000000000001,56,0,3792.46,6308.61,6308.61
pfc,allreduce,256mb,0.000000000000001,112,0,314.43,337.68,337.68
pfc,alltoall,256mb,0.000000000000001,56,0,7599.52,12635.85,12635.85
pfc,allreduce,1mb,0.00000000000001,112,0,1.43,1.52,1.52
pfc,alltoall,1mb,0.00000000000001,56,0,25.60,36.36,36.36
pfc,allreduce,4mb,0.00000000000001,112,0,5.11,5.47,5.47
pfc,alltoall,4mb,0.00000000000001,56,0,107.15,175.86,175.86
pfc,allreduce,16mb,0.00000000000001,112,0,19.84,21.29,21.29
pfc,alltoall,16mb,0.00000000000001,56,0,462.48,770.21,770.21
pfc,allreduce,64mb,0.00000000000001,112,0,78.76,84.57,84.57
pfc,alltoall,64mb,0.00000000000001,56,0,1889.94,3147.26,3147.26
pfc,allreduce,128mb,0.00000000000001,112,0,157.32,168.94,168.94
pfc,alltoall,128mb,0.00000000000001,56,0,3792.46,6308.61,6308.61
pfc,allreduce,256mb,0.00000000000001,112,0,314.43,337.68,337.68
pfc,alltoall,256mb,0.00000000000001,56,0,7599.52,12635.85,12635.85
pfc,allreduce,1mb,0.0000000000001,112,0,1.43,1.52,1.52
pfc,alltoall,1mb,0.0000000000001,56,0,25.60,36.36,36.36
pfc,allreduce,4mb,0.0000000000001,112,0,5.11,5.47,5.47
pfc,alltoall,4mb,0.0000000000001,56,0,107.15,175.86,175.86
pfc,allreduce,16mb,0.0000000000001,112,0,19.84,21.29,21.29
pfc,alltoall,16mb,0.0000000000001,56,0,462.48,770.21,770.21
pfc,allreduce,64mb,0.0000000000001,112,0,78.76,84.57,84.57
pfc,alltoall,64mb,0.0000000000001,56,0,1889.94,3147.26,3147.26
pfc,allreduce,128mb,0.0000000000001,112,0,157.32,168.94,168.94
pfc,alltoall,128mb,0.0000000000001,56,0,3792.46,6308.61,6308.61
pfc,allreduce,256mb,0.0000000000001,112,0,314.43,337.68,337.68
pfc,alltoall,256mb,0.0000000000001,56,0,7599.52,12635.85,12635.85
pfc,allreduce,1mb,0.000000000001,112,0,1.43,1.52,1.52
pfc,alltoall,1mb,0.000000000001,56,0,25.60,36.36,36.36
pfc,allreduce,4mb,0.000000000001,112,0,5.11,5.47,5.47
pfc,alltoall,4mb,0.000000000001,56,0,107.15,175.86,175.86
pfc,allreduce,16mb,0.000000000001,112,0,19.84,21.29,21.29
pfc,alltoall,16mb,0.000000000001,56,0,462.48,770.21,770.21
pfc,allreduce,64mb,0.000000000001,112,0,78.76,84.57,84.57
pfc,alltoall,64mb,0.000000000001,56,0,1889.94,3147.26,3147.26
pfc,allreduce,128mb,0.000000000001,112,0,157.32,168.94,168.94
pfc,alltoall,128mb,0.000000000001,56,0,3792.46,6308.61,6308.61
pfc,allreduce,256mb,0.000000000001,112,0,314.43,337.68,337.68
pfc,alltoall,256mb,0.000000000001,56,0,7599.52,12635.85,12635.85
pfc,allreduce,1mb,0.00000000001,112,0,1.43,1.52,1.52
pfc,alltoall,1mb,0.00000000001,56,0,25.60,36.36,36.36
pfc,allreduce,4mb,0.00000000001,112,0,5.11,5.47,5.47
pfc,alltoall,4mb,0.00000000001,56,0,107.15,175.86,175.86
pfc,allreduce,16mb,0.00000000001,112,0,19.84,21.29,21.29
pfc,alltoall,16mb,0.00000000001,56,0,462.48,770.21,770.21
pfc,allreduce,64mb,0.00000000001,112,0,78.76,84.57,84.57
pfc,alltoall,64mb,0.00000000001,56,0,1889.72,3147.26,3147.26
pfc,allreduce,128mb,0.00000000001,112,0,157.32,168.94,169.14
pfc,alltoall,128mb,0.00000000001,56,0,3792.48,6308.38,6308.38
pfc,allreduce,256mb,0.00000000001,112,0,314.43,337.68,337.68
pfc,alltoall,256mb,0.00000000001,56,0,7599.41,12635.85,12635.85
pfc,allreduce,1mb,0.0000000001,112,0,1.43,1.52,1.52
pfc,alltoall,1mb,0.0000000001,56,0,25.60,36.36,36.36
pfc,allreduce,4mb,0.0000000001,112,0,5.11,5.47,5.47
pfc,alltoall,4mb,0.0000000001,56,0,107.16,175.86,175.86
pfc,allreduce,16mb,0.0000000001,112,0,19.84,21.29,21.29
pfc,alltoall,16mb,0.0000000001,56,0,462.65,770.17,770.17
pfc,allreduce,64mb,0.0000000001,112,0,78.76,84.57,84.57
pfc,alltoall,64mb,0.0000000001,56,0,1889.87,3146.81,3146.81
pfc,allreduce,128mb,0.0000000001,112,0,157.32,168.94,168.94
pfc,alltoall,128mb,0.0000000001,56,0,3793.76,6318.61,6318.61
pfc,allreduce,256mb,0.0000000001,112,0,314.44,337.68,337.87
pfc,alltoall,256mb,0.0000000001,56,0,7598.88,12632.95,12632.95
pfc,allreduce,1mb,0.000000001,112,0,1.43,1.64,1.71
pfc,alltoall,1mb,0.000000001,56,0,25.64,36.77,36.77
pfc,allreduce,4mb,0.000000001,112,0,5.12,5.47,5.67
pfc,alltoall,4mb,0.000000001,56,0,107.15,175.86,175.86
pfc,allreduce,16mb,0.000000001,112,0,19.85,21.49,21.49
pfc,alltoall,16mb,0.000000001,56,0,462.76,770.21,770.21
pfc,allreduce,64mb,0.000000001,112,0,78.79,84.77,84.77
pfc,alltoall,64mb,0.000000001,56,0,1890.46,3147.63,3147.63
pfc,allreduce,128mb,0.000000001,112,0,157.36,169.14,169.14
pfc,alltoall,128mb,0.000000001,56,0,3794.15,6314.44,6314.44
pfc,allreduce,256mb,0.000000001,112,0,314.52,337.88,338.07
pfc,alltoall,256mb,0.000000001,56,0,7601.14,12639.05,12639.05
pfc,allreduce,1mb,0.00000001,112,0,1.43,1.58,1.63
pfc,alltoall,1mb,0.00000001,56,0,25.66,36.56,36.56
pfc,allreduce,4mb,0.00000001,112,0,5.13,5.67,5.67
pfc,alltoall,4mb,0.00000001,56,0,107.38,176.27,176.27
pfc,allreduce,16mb,0.00000001,112,0,19.90,21.49,21.49
pfc,alltoall,16mb,0.00000001,56,0,463.81,775.75,775.75
pfc,allreduce,64mb,0.00000001,112,0,78.98,85.17,85.37
pfc,alltoall,64mb,0.00000001,56,0,1894.83,3152.69,3152.69
pfc,allreduce,128mb,0.00000001,112,0,157.69,169.94,169.94
pfc,alltoall,128mb,0.00000001,56,0,3800.63,6322.98,6322.98
pfc,allreduce,256mb,0.00000001,112,0,315.15,339.07,339.07
pfc,alltoall,256mb,0.00000001,56,0,7615.18,12656.36,12656.36
pfc,allreduce,1mb,0.0000001,112,0,1.47,1.72,1.92
pfc,alltoall,1mb,0.0000001,56,0,26.10,37.37,37.37
pfc,allreduce,4mb,0.0000001,112,0,5.26,5.88,6.07
pfc,alltoall,4mb,0.0000001,56,0,110.13,179.40,179.40
pfc,allreduce,16mb,0.0000001,112,0,20.32,22.29,22.30
pfc,alltoall,16mb,0.0000001,56,0,472.12,784.90,784.90
pfc,allreduce,64mb,0.0000001,112,0,80.44,87.17,87.37
pfc,alltoall,64mb,0.0000001,56,0,1929.24,3208.67,3208.67
pfc,allreduce,128mb,0.0000001,112,0,160.57,173.54,174.52
pfc,alltoall,128mb,0.0000001,56,0,3868.83,6453.60,6453.60
pfc,allreduce,256mb,0.0000001,112,0,320.83,345.68,346.08
pfc,alltoall,256mb,0.0000001,56,0,7747.65,12867.72,12867.72
pfc,allreduce,1mb,0.000001,112,0,1.71,2.12,2.22
pfc,alltoall,1mb,0.000001,56,0,30.20,44.46,44.46
pfc,allreduce,4mb,0.000001,112,0,6.21,7.11,16.34
pfc,alltoall,4mb,0.000001,56,0,126.02,200.41,200.41
pfc,allreduce,16mb,0.000001,112,0,23.38,25.69,25.70
pfc,alltoall,16mb,0.000001,56,0,540.43,892.63,892.63
pfc,allreduce,64mb,0.000001,112,0,92.00,100.22,100.59
pfc,alltoall,64mb,0.000001,56,0,2217.52,3675.61,3675.61
pfc,allreduce,128mb,0.000001,112,0,183.46,198.59,201.76
pfc,alltoall,128mb,0.000001,56,0,4438.13,7358.10,7358.10
pfc,allreduce,256mb,0.000001,112,0,366.11,392.58,393.88
pfc,alltoall,256mb,0.000001,56,0,8891.75,14683.96,14683.96
pfc,allreduce,1mb,0.00001,112,0,2.47,2.88,2.90
pfc,alltoall,1mb,0.00001,56,0,51.98,132.31,132.31
pfc,allreduce,4mb,0.00001,112,0,9.18,9.72,59.27
pfc,alltoall,4mb,0.00001,56,0,205.62,335.55,335.55
pfc,allreduce,16mb,0.00001,112,0,35.84,84.97,232.70
pfc,alltoall,16mb,0.00001,56,0,824.62,1351.06,1351.06
pfc,allreduce,64mb,0.00001,112,0,135.37,188.11,276.34
pfc,alltoall,64mb,0.00001,56,0,3297.70,5464.98,5464.98
pfc,allreduce,128mb,0.00001,112,0,265.84,281.00,304.11
pfc,alltoall,128mb,0.00001,56,0,6596.18,10797.33,10797.33
pfc,allreduce,256mb,0.00001,112,0,531.08,560.92,561.01
pfc,alltoall,256mb,0.00001,56,0,13182.19,21568.73,21568.73
